<?xml version="1.0" encoding="UTF-8" standalone="no"?>
<!DOCTYPE test-metadata PUBLIC "+//IDN sosy-lab.org//DTD test-format test-metadata 1.1//EN" "https://sosy-lab.org/test-format/test-metadata-1.1.dtd">
<test-metadata>
	<sourcecodelang>C</sourcecodelang>
	<producer>Sikraken</producer>
	<specification>CHECK( init(main()), FQL(cover EDGES(@DECISIONEDGE)) )</specification>
	<programfile>/home/chris/Sikraken/SampleCode/testcov_simple_if.c</programfile>
	<programhash>9d7772c7cb10dc5a06e6fa8145fb4d0d0211dd0bcd4fea083d4f0f4521a043b2</programhash>
	<entryfunction>main</entryfunction>
	<architecture>32bit</architecture>
	<creationtime>Thu Aug 15 14:12:44 2024</creationtime>
</test-metadata>