<?xml version="1.0" encoding="UTF-8" standalone="no"?>
<!DOCTYPE test-metadata PUBLIC "+//IDN sosy-lab.org//DTD test-format test-metadata 1.1//EN" "https://sosy-lab.org/test-format/test-metadata-1.1.dtd">
<test-metadata>
	<sourcecodelang>C</sourcecodelang>
	<producer>Sikraken</producer>
	<specification>CHECK( init(main()), FQL(cover EDGES(@DECISIONEDGE)) )</specification>
	<programfile>/home/chris/Sikraken/SampleCode/hardness_codestructure_dependencies_file-0.c</programfile>
	<programhash>946a0fca366ae313448b01e208c0a7c1cd77a267c70469cdb965eb8a386aad18</programhash>
	<entryfunction>main</entryfunction>
	<architecture>32bit</architecture>
	<creationtime>Mon Sep  9 10:06:00 2024</creationtime>
</test-metadata>